threshold,predicted_anomalies,anomaly_rate,tp,fp,fn,tn,precision,recall,f1,fpr,total_cost
1.0862017781221482,28481,0.500009,93,28388,5,28475,0.003265,0.94898,0.006508,0.499235,28438.0
1.089334678932984,27911,0.490002,93,27818,5,29045,0.003332,0.94898,0.006641,0.489211,27868.0
1.0924850338424381,27341,0.479995,93,27248,5,29615,0.003401,0.94898,0.006779,0.479187,27298.0
1.0958992633269242,26772,0.470006,92,26680,6,30183,0.003436,0.938776,0.006848,0.469198,26740.0
1.0990166454513381,26202,0.459999,92,26110,6,30753,0.003511,0.938776,0.006996,0.459174,26170.0
1.1025459171538228,25633,0.45001,92,25541,6,31322,0.003589,0.938776,0.007151,0.449167,25601.0
1.1060516538065681,25063,0.440003,92,24971,6,31892,0.003671,0.938776,0.007313,0.439143,25031.0
1.1098317175662828,24493,0.429996,92,24401,6,32462,0.003756,0.938776,0.007482,0.429119,24461.0
1.1134812822885902,23924,0.420007,91,23833,7,33030,0.003804,0.928571,0.007576,0.41913,23903.0
1.1170374829750087,23354,0.41,91,23263,7,33600,0.003897,0.928571,0.007761,0.409106,23333.0
1.1211360949917255,22785,0.400011,91,22694,7,34169,0.003994,0.928571,0.007954,0.3991,22764.0
1.1251641679774964,22215,0.390004,91,22124,7,34739,0.004096,0.928571,0.008157,0.389075,22194.0
1.129175624246645,21645,0.379997,91,21554,7,35309,0.004204,0.928571,0.008371,0.379051,21624.0
1.1332530727598038,21076,0.370008,91,20985,7,35878,0.004318,0.928571,0.008595,0.369045,21055.0
1.1372926582073446,20506,0.360001,91,20415,7,36448,0.004438,0.928571,0.008833,0.359021,20485.0
1.1416317619586804,19937,0.350011,91,19846,7,37017,0.004564,0.928571,0.009084,0.349014,19916.0
1.1462505224050126,19367,0.340005,91,19276,7,37587,0.004699,0.928571,0.00935,0.33899,19346.0
1.1509945521694906,18797,0.329998,90,18707,8,38156,0.004788,0.918367,0.009526,0.328984,18787.0
1.1555089493555886,18228,0.320008,90,18138,8,38725,0.004937,0.918367,0.009822,0.318977,18218.0
1.1606017144133025,17658,0.310002,90,17568,8,39295,0.005097,0.918367,0.010137,0.308953,17648.0
1.1655039939269642,17089,0.300012,90,16999,8,39864,0.005267,0.918367,0.010473,0.298947,17079.0
1.170975992537416,16519,0.290005,90,16429,8,40434,0.005448,0.918367,0.010832,0.288922,16509.0
1.176914118544287,15949,0.279999,90,15859,8,41004,0.005643,0.918367,0.011217,0.278898,15939.0
1.182710725082956,15380,0.270009,87,15293,11,41570,0.005657,0.887755,0.011242,0.268945,15403.0
1.189006361303529,14810,0.260002,87,14723,11,42140,0.005874,0.887755,0.011672,0.258921,14833.0
1.1955352878311047,14241,0.250013,86,14155,12,42708,0.006039,0.877551,0.011995,0.248932,14275.0
1.2024190891996813,13671,0.240006,86,13585,12,43278,0.006291,0.877551,0.012492,0.238908,13705.0
1.2088474108477965,13101,0.229999,85,13016,13,43847,0.006488,0.867347,0.01288,0.228901,13146.0
1.2152609497660491,12532,0.22001,85,12447,13,44416,0.006783,0.867347,0.01346,0.218895,12577.0
1.2226278023251735,11962,0.210003,85,11877,13,44986,0.007106,0.867347,0.014096,0.20887,12007.0
1.2304910772660163,11393,0.200014,85,11308,13,45555,0.007461,0.867347,0.014794,0.198864,11438.0
1.2386511957822228,10823,0.190007,85,10738,13,46125,0.007854,0.867347,0.015566,0.18884,10868.0
1.2476168416315019,10253,0.18,84,10169,14,46694,0.008193,0.857143,0.01623,0.178833,10309.0
1.2567521630021805,9684,0.170011,84,9600,14,47263,0.008674,0.857143,0.017174,0.168827,9740.0
1.2667765088220455,9114,0.160004,84,9030,14,47833,0.009217,0.857143,0.018237,0.158803,9170.0
1.2773702495558539,8545,0.150015,84,8461,14,48402,0.00983,0.857143,0.019438,0.148796,8601.0
1.2885654155085784,7975,0.140008,84,7891,14,48972,0.010533,0.857143,0.02081,0.138772,8031.0
1.3007094849124554,7405,0.130001,84,7321,14,49542,0.011344,0.857143,0.022391,0.128748,7461.0
1.3131742298281464,6836,0.120012,84,6752,14,50111,0.012288,0.857143,0.024228,0.118742,6892.0
1.327145415514655,6266,0.110005,84,6182,14,50681,0.013406,0.857143,0.026398,0.108717,6322.0
1.34241549703961,5697,0.100016,84,5613,14,51250,0.014745,0.857143,0.028991,0.098711,5753.0
1.3618005359791319,5127,0.090009,84,5043,14,51820,0.016384,0.857143,0.032153,0.088687,5183.0
1.3824564717011718,4557,0.080002,84,4473,14,52390,0.018433,0.857143,0.03609,0.078663,4613.0
1.4052127432293495,3988,0.070013,83,3905,15,52958,0.020812,0.846939,0.040627,0.068674,4055.0
1.4329158301513554,3418,0.060006,83,3335,15,53528,0.024283,0.846939,0.047213,0.05865,3485.0
1.4701230892459276,2849,0.050017,82,2767,16,54096,0.028782,0.836735,0.05565,0.048661,2927.0
1.4734924323683747,2792,0.049016,82,2710,16,54153,0.02937,0.836735,0.056747,0.047658,2870.0
1.475565425852855,2769,0.048612,82,2687,16,54176,0.029614,0.836735,0.057203,0.047254,2847.0
1.4773047397010919,2746,0.048208,82,2664,16,54199,0.029862,0.836735,0.057665,0.046849,2824.0
1.478841328736459,2723,0.047805,82,2641,16,54222,0.030114,0.836735,0.058135,0.046445,2801.0
1.4806978961199997,2700,0.047401,82,2618,16,54245,0.03037,0.836735,0.058613,0.04604,2778.0
1.4825909867596567,2677,0.046997,82,2595,16,54268,0.030631,0.836735,0.059099,0.045636,2755.0
1.4849195298259077,2654,0.046593,82,2572,16,54291,0.030897,0.836735,0.059593,0.045232,2732.0
1.4873643404102181,2631,0.046189,82,2549,16,54314,0.031167,0.836735,0.060095,0.044827,2709.0
1.4899064829565292,2608,0.045786,82,2526,16,54337,0.031442,0.836735,0.060606,0.044423,2686.0
1.4916425732083396,2585,0.045382,82,2503,16,54360,0.031721,0.836735,0.061126,0.044018,2663.0
1.4938815679510247,2562,0.044978,82,2480,16,54383,0.032006,0.836735,0.061654,0.043614,2640.0
1.4963493260274405,2539,0.044574,82,2457,16,54406,0.032296,0.836735,0.062192,0.043209,2617.0
1.4984291980583315,2516,0.044171,82,2434,16,54429,0.032591,0.836735,0.062739,0.042805,2594.0
1.5004815318440725,2493,0.043767,82,2411,16,54452,0.032892,0.836735,0.063296,0.0424,2571.0
1.5017140657192067,2470,0.043363,82,2388,16,54475,0.033198,0.836735,0.063863,0.041996,2548.0
1.5043796558251257,2447,0.042959,81,2366,17,54497,0.033102,0.826531,0.063654,0.041609,2536.0
1.506346388134734,2424,0.042555,81,2343,17,54520,0.033416,0.826531,0.064235,0.041204,2513.0
1.5088405634082909,2401,0.042152,81,2320,17,54543,0.033736,0.826531,0.064826,0.0408,2490.0
1.5101112467558975,2378,0.041748,80,2298,18,54565,0.033642,0.816327,0.06462,0.040413,2478.0
1.512557569165055,2355,0.041344,80,2275,18,54588,0.03397,0.816327,0.065226,0.040008,2455.0
1.5153818292593808,2332,0.04094,80,2252,18,54611,0.034305,0.816327,0.065844,0.039604,2432.0
1.517029155163167,2309,0.040537,80,2229,18,54634,0.034647,0.816327,0.066473,0.039199,2409.0
1.5195758439777578,2286,0.040133,80,2206,18,54657,0.034996,0.816327,0.067114,0.038795,2386.0
1.5222204578408942,2263,0.039729,80,2183,18,54680,0.035351,0.816327,0.067768,0.038391,2363.0
1.5248435586048568,2240,0.039325,80,2160,18,54703,0.035714,0.816327,0.068435,0.037986,2340.0
1.5272126684591738,2217,0.038921,80,2137,18,54726,0.036085,0.816327,0.069114,0.037582,2317.0
1.5290540543287687,2194,0.038518,80,2114,18,54749,0.036463,0.816327,0.069808,0.037177,2294.0
1.531386509936701,2171,0.038114,80,2091,18,54772,0.036849,0.816327,0.070516,0.036773,2271.0
1.5348952001780651,2148,0.03771,80,2068,18,54795,0.037244,0.816327,0.071238,0.036368,2248.0
1.5364760796325672,2125,0.037306,80,2045,18,54818,0.037647,0.816327,0.071975,0.035964,2225.0
1.5384908359313498,2102,0.036902,80,2022,18,54841,0.038059,0.816327,0.072727,0.035559,2202.0
1.5415911334749295,2079,0.036499,80,1999,18,54864,0.03848,0.816327,0.073496,0.035155,2179.0
1.5458262121255562,2056,0.036095,80,1976,18,54887,0.038911,0.816327,0.07428,0.03475,2156.0
1.5482914666046934,2033,0.035691,80,1953,18,54910,0.039351,0.816327,0.075082,0.034346,2133.0
1.5505166989762145,2010,0.035287,80,1930,18,54933,0.039801,0.816327,0.075901,0.033941,2110.0
1.5535006777917109,1987,0.034884,80,1907,18,54956,0.040262,0.816327,0.076739,0.033537,2087.0
1.5555483794239464,1964,0.03448,79,1885,19,54978,0.040224,0.806122,0.076625,0.03315,2075.0
1.5588305949755406,1941,0.034076,79,1862,19,55001,0.040701,0.806122,0.077489,0.032745,2052.0
1.561644296265906,1918,0.033672,79,1839,19,55024,0.041189,0.806122,0.078373,0.032341,2029.0
1.563868841104496,1895,0.033268,79,1816,19,55047,0.041689,0.806122,0.079277,0.031936,2006.0
1.5667552434451406,1873,0.032882,79,1794,19,55069,0.042178,0.806122,0.080162,0.03155,1984.0
1.5699498901306879,1850,0.032478,79,1771,19,55092,0.042703,0.806122,0.081109,0.031145,1961.0
1.573359074973643,1827,0.032075,79,1748,19,55115,0.04324,0.806122,0.082078,0.030741,1938.0
1.5768913245232192,1804,0.031671,79,1725,19,55138,0.043792,0.806122,0.08307,0.030336,1915.0
1.5791484984579902,1781,0.031267,79,1702,19,55161,0.044357,0.806122,0.084087,0.029932,1892.0
1.5821040191759408,1758,0.030863,79,1679,19,55184,0.044937,0.806122,0.085129,0.029527,1869.0
1.584642828238815,1735,0.030459,79,1656,19,55207,0.045533,0.806122,0.086197,0.029123,1846.0
1.5885308275928036,1712,0.030056,79,1633,19,55230,0.046145,0.806122,0.087293,0.028718,1823.0
1.5919689758407294,1689,0.029652,79,1610,19,55253,0.046773,0.806122,0.088416,0.028314,1800.0
1.5964103399834078,1666,0.029248,79,1587,19,55276,0.047419,0.806122,0.089569,0.027909,1777.0
1.600963978695393,1643,0.028844,79,1564,19,55299,0.048083,0.806122,0.090752,0.027505,1754.0
1.6061109688506063,1620,0.028441,79,1541,19,55322,0.048765,0.806122,0.091967,0.0271,1731.0
1.6110212558567978,1597,0.028037,79,1518,19,55345,0.049468,0.806122,0.093215,0.026696,1708.0
1.6144621160971686,1574,0.027633,79,1495,19,55368,0.050191,0.806122,0.094498,0.026291,1685.0
1.6180503205383565,1551,0.027229,79,1472,19,55391,0.050935,0.806122,0.095816,0.025887,1662.0
1.6229184732259547,1528,0.026825,79,1449,19,55414,0.051702,0.806122,0.097171,0.025482,1639.0
1.6264167417812414,1505,0.026422,79,1426,19,55437,0.052492,0.806122,0.098565,0.025078,1616.0
1.6303424575116814,1482,0.026018,79,1403,19,55460,0.053306,0.806122,0.1,0.024673,1593.0
1.6355350320965971,1459,0.025614,79,1380,19,55483,0.054147,0.806122,0.101477,0.024269,1570.0
1.6413774978599354,1436,0.02521,79,1357,19,55506,0.055014,0.806122,0.102999,0.023864,1547.0
1.6465125631364372,1413,0.024806,78,1335,20,55528,0.055202,0.795918,0.103243,0.023477,1535.0
1.6504573940818925,1390,0.024403,78,1312,20,55551,0.056115,0.795918,0.104839,0.023073,1512.0
1.6558905012725766,1367,0.023999,78,1289,20,55574,0.057059,0.795918,0.106485,0.022669,1489.0
1.6604302669325859,1344,0.023595,78,1266,20,55597,0.058036,0.795918,0.108183,0.022264,1466.0
1.6672735170062278,1321,0.023191,78,1243,20,55620,0.059046,0.795918,0.109937,0.02186,1443.0
1.6731119695289736,1298,0.022788,78,1220,20,55643,0.060092,0.795918,0.111748,0.021455,1420.0
1.6771142168348265,1275,0.022384,78,1197,20,55666,0.061176,0.795918,0.11362,0.021051,1397.0
1.6825839995382512,1252,0.02198,78,1174,20,55689,0.0623,0.795918,0.115556,0.020646,1374.0
1.690219516212011,1229,0.021576,77,1152,21,55711,0.062653,0.785714,0.116051,0.020259,1362.0
1.6985802721554948,1206,0.021172,77,1129,21,55734,0.063847,0.785714,0.118098,0.019855,1339.0
1.7048856017836906,1183,0.020769,77,1106,21,55757,0.065089,0.785714,0.120219,0.01945,1316.0
1.7134962640429572,1160,0.020365,77,1083,21,55780,0.066379,0.785714,0.122417,0.019046,1293.0
1.7205722915432624,1137,0.019961,77,1060,21,55803,0.067722,0.785714,0.124696,0.018641,1270.0
1.7275690704339153,1114,0.019557,77,1037,21,55826,0.06912,0.785714,0.127063,0.018237,1247.0
1.7349534631777148,1091,0.019153,77,1014,21,55849,0.070577,0.785714,0.129521,0.017832,1224.0
1.7398003011472252,1068,0.01875,77,991,21,55872,0.072097,0.785714,0.132075,0.017428,1201.0
1.7483078648627213,1045,0.018346,77,968,21,55895,0.073684,0.785714,0.134733,0.017023,1178.0
1.7545797174134365,1022,0.017942,77,945,21,55918,0.075342,0.785714,0.1375,0.016619,1155.0
1.7638588675744866,999,0.017538,75,924,23,55939,0.075075,0.765306,0.136737,0.01625,1154.0
1.7717727995218033,976,0.017135,75,901,23,55962,0.076844,0.765306,0.139665,0.015845,1131.0
1.7838726451998688,954,0.016748,75,879,23,55984,0.078616,0.765306,0.142586,0.015458,1109.0
1.7965018804660484,931,0.016345,75,856,23,56007,0.080559,0.765306,0.145773,0.015054,1086.0
1.804482373339131,908,0.015941,75,833,23,56030,0.082599,0.765306,0.149105,0.014649,1063.0
1.8140301947333415,885,0.015537,75,810,23,56053,0.084746,0.765306,0.152594,0.014245,1040.0
1.8207096085551555,862,0.015133,75,787,23,56076,0.087007,0.765306,0.15625,0.01384,1017.0
1.8354476417564332,839,0.014729,75,764,23,56099,0.089392,0.765306,0.160085,0.013436,994.0
1.8508866205750831,816,0.014326,74,742,24,56121,0.090686,0.755102,0.161926,0.013049,982.0
1.860446971326478,793,0.013922,74,719,24,56144,0.093317,0.755102,0.166105,0.012644,959.0
1.874520598307738,770,0.013518,73,697,25,56166,0.094805,0.744898,0.168203,0.012258,947.0
1.8916147944491548,747,0.013114,73,674,25,56189,0.097724,0.744898,0.172781,0.011853,924.0
1.906926563629988,724,0.01271,73,651,25,56212,0.100829,0.744898,0.177616,0.011449,901.0
1.919138980773204,701,0.012307,73,628,25,56235,0.104137,0.744898,0.182728,0.011044,878.0
1.9322631174223333,678,0.011903,71,607,27,56256,0.10472,0.72449,0.18299,0.010675,877.0
1.946384583614321,655,0.011499,70,585,28,56278,0.10687,0.714286,0.185923,0.010288,865.0
1.9638962660744974,632,0.011095,70,562,28,56301,0.110759,0.714286,0.191781,0.009883,842.0
1.9783956807335021,609,0.010692,68,541,30,56322,0.111658,0.693878,0.192362,0.009514,841.0
1.9925412322887455,586,0.010288,68,518,30,56345,0.116041,0.693878,0.19883,0.00911,818.0
2.008164817962261,563,0.009884,66,497,32,56366,0.117229,0.673469,0.199697,0.00874,817.0
2.026075259576298,540,0.00948,66,474,32,56389,0.122222,0.673469,0.206897,0.008336,794.0
2.0508039156324402,517,0.009076,65,452,33,56411,0.125725,0.663265,0.211382,0.007949,782.0
2.0751124649989734,494,0.008673,64,430,34,56433,0.129555,0.653061,0.216216,0.007562,770.0
2.0948395563186275,471,0.008269,61,410,37,56453,0.129512,0.622449,0.214411,0.00721,780.0
2.132756108184442,448,0.007865,61,387,37,56476,0.136161,0.622449,0.223443,0.006806,757.0
2.1496112815317456,425,0.007461,61,364,37,56499,0.143529,0.622449,0.23327,0.006401,734.0
2.1799362382651344,402,0.007057,60,342,38,56521,0.149254,0.612245,0.24,0.006014,722.0
2.2162360928422724,379,0.006654,60,319,38,56544,0.158311,0.612245,0.251572,0.00561,699.0
2.25527700954148,356,0.00625,58,298,40,56565,0.162921,0.591837,0.255507,0.005241,698.0
2.2805592467969893,333,0.005846,55,278,43,56585,0.165165,0.561224,0.25522,0.004889,708.0
2.3296974166565136,310,0.005442,54,256,44,56607,0.174194,0.55102,0.264706,0.004502,696.0
2.3704505958677973,287,0.005039,52,235,46,56628,0.181185,0.530612,0.27013,0.004133,695.0
2.417772455644922,264,0.004635,48,216,50,56647,0.181818,0.489796,0.265193,0.003799,716.0
2.490137704750302,241,0.004231,46,195,52,56668,0.190871,0.469388,0.271386,0.003429,715.0
2.5563201089800938,218,0.003827,42,176,56,56687,0.192661,0.428571,0.265823,0.003095,736.0
2.635301046725995,195,0.003423,38,157,60,56706,0.194872,0.387755,0.259386,0.002761,757.0
2.7072829997046526,172,0.00302,34,138,64,56725,0.197674,0.346939,0.251852,0.002427,778.0
2.768263556585037,149,0.002616,31,118,67,56745,0.208054,0.316327,0.251012,0.002075,788.0
2.904086997566037,126,0.002212,29,97,69,56766,0.230159,0.295918,0.258929,0.001706,787.0
3.0333810104609316,103,0.001808,26,77,72,56786,0.252427,0.265306,0.258706,0.001354,797.0
3.1979293999410934,80,0.001404,17,63,81,56800,0.2125,0.173469,0.191011,0.001108,873.0
3.394447108716689,57,0.001001,11,46,87,56817,0.192982,0.112245,0.141935,0.000809,916.0
3.5028125023907526,52,0.000913,10,42,88,56821,0.192308,0.102041,0.133333,0.000739,922.0
3.5102127660575047,51,0.000895,10,41,88,56822,0.196078,0.102041,0.134228,0.000721,921.0
3.5330226041296644,50,0.000878,10,40,88,56823,0.2,0.102041,0.135135,0.000703,920.0
3.560421815766561,49,0.00086,10,39,88,56824,0.204082,0.102041,0.136054,0.000686,919.0
3.5826460388118844,48,0.000843,10,38,88,56825,0.208333,0.102041,0.136986,0.000668,918.0
3.5978575406976963,47,0.000825,10,37,88,56826,0.212766,0.102041,0.137931,0.000651,917.0
3.6142876866746185,46,0.000808,10,36,88,56827,0.217391,0.102041,0.138889,0.000633,916.0
3.6431662984580813,45,0.00079,10,35,88,56828,0.222222,0.102041,0.13986,0.000616,915.0
3.6461753696622403,44,0.000772,10,34,88,56829,0.227273,0.102041,0.140845,0.000598,914.0
3.653583060941757,43,0.000755,10,33,88,56830,0.232558,0.102041,0.141844,0.00058,913.0
3.658016844487202,42,0.000737,10,32,88,56831,0.238095,0.102041,0.142857,0.000563,912.0
3.6916554150905494,42,0.000737,10,32,88,56831,0.238095,0.102041,0.142857,0.000563,912.0
3.709745329732847,41,0.00072,9,32,89,56831,0.219512,0.091837,0.129496,0.000563,922.0
3.7264105723898586,40,0.000702,9,31,89,56832,0.225,0.091837,0.130435,0.000545,921.0
3.7871326735338284,39,0.000685,9,30,89,56833,0.230769,0.091837,0.131387,0.000528,920.0
3.8186905719488853,38,0.000667,9,29,89,56834,0.236842,0.091837,0.132353,0.00051,919.0
3.855844413813684,37,0.00065,8,29,90,56834,0.216216,0.081633,0.118519,0.00051,929.0
3.892435731838824,36,0.000632,7,29,91,56834,0.194444,0.071429,0.104478,0.00051,939.0
3.9115979374785326,35,0.000614,7,28,91,56835,0.2,0.071429,0.105263,0.000492,938.0
3.9430526170188536,34,0.000597,7,27,91,56836,0.205882,0.071429,0.106061,0.000475,937.0
3.984726779518354,33,0.000579,7,26,91,56837,0.212121,0.071429,0.10687,0.000457,936.0
3.993928288123594,32,0.000562,6,26,92,56837,0.1875,0.061224,0.092308,0.000457,946.0
4.000230426581407,31,0.000544,6,25,92,56838,0.193548,0.061224,0.093023,0.00044,945.0
4.000257910454215,30,0.000527,6,24,92,56839,0.2,0.061224,0.09375,0.000422,944.0
4.000834573968954,29,0.000509,6,23,92,56840,0.206897,0.061224,0.094488,0.000404,943.0
4.010332521657189,29,0.000509,6,23,92,56840,0.206897,0.061224,0.094488,0.000404,943.0
4.090675297255486,28,0.000492,6,22,92,56841,0.214286,0.061224,0.095238,0.000387,942.0
4.127294598783584,27,0.000474,6,21,92,56842,0.222222,0.061224,0.096,0.000369,941.0
4.166542094944776,26,0.000456,6,20,92,56843,0.230769,0.061224,0.096774,0.000352,940.0
4.197037380322939,25,0.000439,6,19,92,56844,0.24,0.061224,0.097561,0.000334,939.0
4.221673231526458,24,0.000421,6,18,92,56845,0.25,0.061224,0.098361,0.000317,938.0
4.384123989890147,23,0.000404,5,18,93,56845,0.217391,0.05102,0.082645,0.000317,948.0
4.527075942736782,22,0.000386,5,17,93,56846,0.227273,0.05102,0.083333,0.000299,947.0
4.59656864135416,21,0.000369,5,16,93,56847,0.238095,0.05102,0.084034,0.000281,946.0
4.688262914240413,20,0.000351,4,16,94,56847,0.2,0.040816,0.067797,0.000281,956.0
4.751753869193941,19,0.000334,4,15,94,56848,0.210526,0.040816,0.068376,0.000264,955.0
4.83153727634283,18,0.000316,4,14,94,56849,0.222222,0.040816,0.068966,0.000246,954.0
5.080095313567348,17,0.000298,4,13,94,56850,0.235294,0.040816,0.069565,0.000229,953.0
5.118303206397118,16,0.000281,3,13,95,56850,0.1875,0.030612,0.052632,0.000229,963.0
5.130506148543843,15,0.000263,3,12,95,56851,0.2,0.030612,0.053097,0.000211,962.0
5.140186864515112,15,0.000263,3,12,95,56851,0.2,0.030612,0.053097,0.000211,962.0
5.344363325515667,14,0.000246,2,12,96,56851,0.142857,0.020408,0.035714,0.000211,972.0
5.442242224691531,13,0.000228,1,12,97,56851,0.076923,0.010204,0.018018,0.000211,982.0
5.472631291096929,12,0.000211,1,11,97,56852,0.083333,0.010204,0.018182,0.000193,981.0
5.5031464722919665,11,0.000193,1,10,97,56853,0.090909,0.010204,0.018349,0.000176,980.0
5.622162764813975,10,0.000176,1,9,97,56854,0.1,0.010204,0.018519,0.000158,979.0
5.756565141059592,9,0.000158,1,8,97,56855,0.111111,0.010204,0.018692,0.000141,978.0
5.81271520294011,8,0.00014,0,8,98,56855,0.0,0.0,0.0,0.000141,988.0
5.8149336050477185,7,0.000123,0,7,98,56856,0.0,0.0,0.0,0.000123,987.0
5.85781157356817,6,0.000105,0,6,98,56857,0.0,0.0,0.0,0.000106,986.0
