n_neighbors,contamination,predicted_anomalies,predicted_anomaly_rate,tp,fp,fn,tn,precision,recall,f1,pr_auc,execution_time_sec
10,0.001,236,0.000829,0,236,492,284079,0.0,0.0,0.0,0.013257,89.12
10,0.002,448,0.001573,9,439,483,283876,0.020089,0.018293,0.019149,0.013257,89.12
10,0.005,1092,0.003834,44,1048,448,283267,0.040293,0.089431,0.055556,0.013257,89.12
10,0.01,2191,0.007693,71,2120,421,282195,0.032405,0.144309,0.052926,0.013257,89.12
20,0.001,261,0.000916,0,261,492,284054,0.0,0.0,0.0,0.007549,89.78
20,0.002,504,0.00177,3,501,489,283814,0.005952,0.006098,0.006024,0.007549,89.78
20,0.005,1248,0.004382,30,1218,462,283097,0.024038,0.060976,0.034483,0.007549,89.78
20,0.01,2510,0.008813,73,2437,419,281878,0.029084,0.148374,0.048634,0.007549,89.78
35,0.001,262,0.00092,1,261,491,284054,0.003817,0.002033,0.002653,0.012062,95.13
35,0.002,533,0.001871,8,525,484,283790,0.015009,0.01626,0.01561,0.012062,95.13
35,0.005,1334,0.004684,35,1299,457,283016,0.026237,0.071138,0.038335,0.012062,95.13
35,0.01,2668,0.009368,74,2594,418,281721,0.027736,0.150407,0.046835,0.012062,95.13
50,0.001,279,0.00098,5,274,487,284041,0.017921,0.010163,0.01297,0.027125,108.23
50,0.002,549,0.001928,22,527,470,283788,0.040073,0.044715,0.042267,0.027125,108.23
50,0.005,1405,0.004933,62,1343,430,282972,0.044128,0.126016,0.065366,0.027125,108.23
50,0.01,2750,0.009656,112,2638,380,281677,0.040727,0.227642,0.069093,0.027125,108.23
